<?xml version="1.0" encoding="UTF-8"?>
<project-private xmlns="http://www.netbeans.org/ns/project-private/1">
    <editor-bookmarks xmlns="http://www.netbeans.org/ns/editor-bookmarks/2" lastBookmarkId="0"/>
    <open-files xmlns="http://www.netbeans.org/ns/projectui-open-files/2">
        <group>
            <file>file:/D:/tareas/tareas%20temario/unidad2/Solucionario%20DWES%20-%20Tarea%202/inc/funciones.inc.php</file>
            <file>file:/D:/tareas/tareas%20temario/unidad2/Solucionario%20DWES%20-%20Tarea%202/cuenta/movimientos.php</file>
        </group>
    </open-files>
</project-private>
